Logo File,Bank Code,Full Name,Short Name,SWIFT / BIC
bbl.svg,002,Bangkok Bank Public Company Limited,BBL,BKKBTHBK
kbank.svg,004,Kasikornbank Public Company Limited,KBANK,KASITHBK
ktb.svg,006,Krungthai Bank Public Company Limited,KTB,KRUTTHBK
scb.svg,014,The Siam Commercial Bank Public Company Limited,SCB,SICOTHBK
uob.svg,024,United Overseas Bank (Thai) Public Company Limited,UOB,UOVBTHBK
bay.svg,025,Bank of Ayudhya Public Company Limited,BAY,AYUDTHBK
ghb.svg,033,Government Housing Bank,GHB,GHBATHBK
tisco.svg,067,TISCO Bank Public Company Limited,TISCO,TISCTHBK
kkp.svg,069,Kiatnakin Phatra Bank Public Company Limited,KKP,KKPBTHBK
ttb.svg,011,TMBThanachart Bank Public Company Limited,TTB,
standard-chartred.svg,020,Standard Chartered Bank (Thai) Public Company Limited,SCBT,
gsb.svg,030,Government Savings Bank,GSB,
hsbc.svg,031,The Hongkong and Shanghai Banking Corporation Limited,HSBC,
baac.svg,034,Bank for Agriculture and Agricultural Cooperatives,BAAC,
thanachart.svg,065,Thanachart Bank Public Company Limited (legacy),TBANK,
ibank.svg,066,Islamic Bank of Thailand,IBANK,
icbc.svg,070,Industrial and Commercial Bank of China (Thai) Public Company Limited,ICBC,
lh.svg,073,Land and Houses Bank Public Company Limited,LH Bank,
truemoney.svg,,TrueMoney,TrueMoney,
line-pay.svg,,LINE Pay,LINE Pay,
grab-pay.svg,,GrabPay,GrabPay,
